Country or Territory Name,City Code,City Name,country_join,city_join,green_share_2020,green_m2_per_capita_2020
Afghanistan,AF_KABUL,Kabul,afghanistan,kabul,3.51,1.71
Afghanistan,AF_HERAT,Herat,afghanistan,herat,3.22,1.75
Afghanistan,AF_MAZAR_E_SHARIF,Mazar-e Sharif,afghanistan,mazar e sharif,1.21,1.45
Afghanistan,AF_KANDAHAR,Kandahar,afghanistan,kandahar,0.78,1.66
Algeria,DZ_ANNABA,Annaba,algeria,annaba,10.94,17.73
Algeria,DZ_BLIDA,Blida,algeria,blida,9.96,13.53
Algeria,DZ_CONSTANTINE,Qacentina,algeria,qacentina,4.12,5.18
Algeria,DZ_CHLEF,Chlef,algeria,chlef,3.88,6.46
Algeria,DZ_BATNA,Batna,algeria,batna,2.09,2.42
Algeria,DZ_TIARET,Tiaret (Tihert),algeria,tiaret,0.15,0.17
Angola,AO_HUAMBO,Huambo,angola,huambo,7.12,11.38
Angola,AO_LUENA,Luena,angola,luena,3.4,4.48
Angola,AO_MALANJE,Malanje,angola,malanje,2.63,2.06
Angola,AO_SAURIMO,Saurimo,angola,saurimo,0.42,0.44
Argentina,AR_CLORINDA,Clorinda,argentina,clorinda,16.52,51.06
Argentina,AR_BUENOS_AIRES,Buenos Aires,argentina,buenos aires,15.95,24.96
Argentina,AR_ROSARIO,Rosario,argentina,rosario,14.53,27.97
Argentina,AR_ZARATE,Zárate,argentina,zarate,10.16,26.19
Argentina,AR_SAN_JUAN,San Juan,argentina,san juan,7.54,19.22
Argentina,AR_SANTIAGO_DEL_ESTERO,Santiago Del Estero,argentina,santiago del estero,4.37,9.74
Armenia,AM_YEREVAN,Yerevan,armenia,yerevan,12.26,31.66
Australia,AU_CAIRNS,Cairns,australia,cairns,19.01,110.86
Australia,AU_WOLLONGONG,Wollongong,australia,wollongong,17.8,96.69
Australia,AU_NEWCASTLE,Newcastle-Maitland,australia,newcastle maitland,17.53,101.03
Australia,AU_HOBART,Hobart,australia,hobart,14.34,84.41
Australia,AU_CENTRAL_COAST,Central Coast,australia,central coast,14.26,77.76
Australia,AU_CANBERRA,Canberra,australia,canberra,12.76,78.49
Australia,AU_MUSWELLBROOK,Muswellbrook,australia,muswellbrook,12.13,100.49
Australia,AU_SYDNEY,Sydney,australia,sydney,10.32,32.73
Australia,AU_DARWIN,Darwin,australia,darwin,7.56,51.75
Australia,AU_BUNBURY,Bunbury,australia,bunbury,7.4,62.32
Australia,AU_ADELAIDE,Adelaide,australia,adelaide,3.39,18.39
Austria,AT_WIEN,Wien (Vienna),austria,wien,30.74,60.44
Austria,AT_LINZ,Linz,austria,linz,22.45,65.48
Azerbaijan,AZ_GANJA,Ganja,azerbaijan,ganja,2.63,5.01
Azerbaijan,AZ_BAKU,Baku,azerbaijan,baku,1.97,3.71
Bahrain,BH_AL_MANAMAH,Al-Manamah (Manama),bahrain,manama,4.82,10.45
Bangladesh,BD_SYLHET,Sylhet,bangladesh,sylhet,34.92,17.21
Bangladesh,BD_KHULNA,Khulna,bangladesh,khulna,22.51,18.99
Bangladesh,BD_RANGPUR,Rangpur,bangladesh,rangpur,14.24,9.08
Bangladesh,BD_DHAKA,Dhaka,bangladesh,dhaka,5.09,1.39
Belarus,BY_MINSK,Minsk,belarus,minsk,16.57,25.28
Belarus,BY_HRODNA,Grodno,belarus,grodno,14.37,20.12
Belarus,BY_VICIEBSK,Vitebsk,belarus,vitebsk,9.87,16.25
Belgium,BE_LIEGE,Liège,belgium,liege,27.38,103.68
Belgium,BE_ANTWERPEN,Antwerpen,belgium,antwerpen,17.96,51.59
Belize,BZ_BELMOPAN,Belmopan,belize,belmopan,41.21,218.09
Belize,BZ_BELIZE,Belize,belize,belize,12.96,25.11
Benin,BJ_PARAKOU,Parakou,benin,parakou,7.56,17.54
Benin,BJ_DJOUGOU,Djougou,benin,djougou,5.81,15.02
Benin,BJ_KANDI,Kandi,benin,kandi,5.52,8.92
Bolivia (Plurinational State of),BO_COCHABAMBA,Cochabamba,bolivia,cochabamba,1.51,3.18
Bolivia (Plurinational State of),BO_LA_PAZ,La Paz,bolivia,la paz,1.21,1.79
Bosnia and Herzegovina,BA_SARAJEVO,Sarajevo,bosnia and herzegovina,sarajevo,29.07,112.39
Bosnia and Herzegovina,BA_TUZLA,Tuzla,bosnia and herzegovina,tuzla,22.21,82.98
Bosnia and Herzegovina,BA_BANJA_LUKA,Banja Luka,bosnia and herzegovina,banja luka,15.98,70.95
Botswana,BW_GABORONE,Gaborone,botswana,gaborone,1.15,6.37
Brazil,BR_SAO_GONCALO,São Gonçalo,brazil,sao goncalo,41.87,65.17
Brazil,BR_BLUMENAU,Blumenau,brazil,blumenau,35.94,102.35
Brazil,BR_JARAGUA_DO_SUL,Jaraguá do Sul,brazil,jaragua do sul,32.97,117.36
Brazil,BR_SALVADOR,Salvador,brazil,salvador,29.58,26.2
Brazil,BR_RIO_DE_JANEIRO,Rio de Janeiro,brazil,rio de janeiro,29.11,32.62
Brazil,BR_CRICIUMA,Criciúma,brazil,criciuma,24.98,93.36
Brazil,BR_CAMPINAS,Campinas,brazil,campinas,23.32,61.59
Brazil,BR_MANAUS,Manaus,brazil,manaus,21.96,24.13
Brazil,BR_SAO_PAULO,São Paulo,brazil,sao paulo,20.08,21.26
Brazil,BR_BELEM,Belém,brazil,belem,19.98,20.85
Brazil,BR_PORTO_ALEGRE,Pôrto Alegre,brazil,porto alegre,19.84,37.28
Brazil,BR_CUIABA,Cuiabá,brazil,cuiaba,18.0,49.18
Brazil,BR_BELO_HORIZONTE,Belo Horizonte,brazil,belo horizonte,16.64,24.26
Brazil,BR_GUARAPARI,Guarapari,brazil,guarapari,15.39,39.88
Brazil,BR_PARAUAPEBAS,Parauapebas,brazil,parauapebas,15.05,43.57
Brazil,BR_ARAXA,Araxá,brazil,araxa,14.23,43.55
Brazil,BR_FORTALEZA,Fortaleza,brazil,fortaleza,13.09,15.72
Brazil,BR_APARECIDA_DE_GOIANIA,Aparecida de Goiânia,brazil,aparecida de goiania,12.36,28.05
Brazil,BR_LIMEIRA,Limeira,brazil,limeira,11.66,26.2
Brazil,BR_RIBEIRAO_PRETO,Ribeirão  Preto,brazil,ribeirao preto,11.38,25.64
Brazil,BR_BRASILIA,Brasília,brazil,brasilia,8.8,13.39
Brazil,BR_TERESINA,Teresina,brazil,teresina,8.47,14.84
Brazil,BR_PORTO_VELHO,Pôrto Velho,brazil,porto velho,8.25,18.65
Brazil,BR_FEIRA_DE_SANTANA,Feira De Santana,brazil,feira de santana,7.97,13.31
Brazil,BR_ANAPOLIS,Anápolis,brazil,anapolis,7.09,19.12
Brazil,BR_PASSOS,Passos,brazil,passos,6.6,15.4
Brazil,BR_BARRETOS,Barretos,brazil,barretos,3.28,8.21
Brazil,BR_PETROLINA,Petrolina,brazil,petrolina,1.09,1.95
Bulgaria,BG_SOFIJA,Sofia,bulgaria,sofia,17.87,33.12
Bulgaria,BG_DOBRIC,Dobrič (Dobrich),bulgaria,dobric,17.01,58.07
Bulgaria,BG_BURGAS,Burgas,bulgaria,burgas,10.72,24.34
Burkina Faso,BF_BOBO_DIOULASSO,Bobo-Dioulasso,burkina faso,bobo dioulasso,1.21,1.89
Burkina Faso,BF_OUAGADOUGOU,Ouagadougou,burkina faso,ouagadougou,1.16,2.52
Cambodia,KH_PHNUM_PENH,Phnum Pénh (Phnom Penh),cambodia,phnum penh,18.6,28.61
Cambodia,KH_SIEM_REAB,Siĕm Réab (Siem Reap),cambodia,siem reab,7.57,13.68
Canada,CA_VICTORIA_BC,Victoria,canada,victoria,36.84,184.9
Canada,CA_VANCOUVER_BC,Vancouver,canada,vancouver,31.48,100.13
Canada,CA_LONDON_ONT,London,canada,london,29.9,142.59
Canada,CA_OTTAWA_ONT,Ottawa-Gatineau,canada,ottawa gatineau,21.7,73.32
Canada,CA_TORONTO_ONT,Toronto,canada,toronto,19.18,56.79
Canada,CA_SHERBROOKE_QUE,"Sherbrooke,QUE",canada,sherbrooke,18.25,93.81
Canada,CA_MONTREAL_QUE,Montréal,canada,montreal,12.34,33.04
Canada,CA_ST_JOHNS_NL,"St. John's,NL",canada,st. john's,11.14,59.82
Canada,CA_KELOWNA_BC,"Kelowna,BC",canada,kelowna,9.63,46.46
Canada,CA_REGINA_SASK,"Regina,SASK",canada,regina,5.42,23.39
Canada,CA_CALGARY_ALTA,Calgary,canada,calgary,3.81,14.33
Canada,CA_SASKATOON_SASK,Saskatoon,canada,saskatoon,2.88,12.03
Central African Republic,CF_BANGUI,Bangui,central african republic,bangui,28.18,37.82
Chad,TD_N_DJAMENA,N'Djaména,chad,n'djamena,1.61,3.03
Chile,CL_CONCEPCION,Concepción,chile,concepcion,13.64,19.78
Chile,CL_TEMUCO,Temuco,chile,temuco,12.97,18.78
Chile,CL_LOS_ANGELES,Los Ángeles,chile,los angeles,11.74,23.21
Chile,CL_SANTIAGO,Santiago,chile,santiago,5.49,6.46
Chile,CL_RANCAGUA,Rancagua,chile,rancagua,5.11,9.1
Chile,CL_ARICA,Arica,chile,arica,1.78,3.47
Chile,CL_LA_SERENA,La Serena-Coquimbo,chile,la serena coquimbo,1.76,3.26
China,CN_YULIN_GUANGXI,"Yulin, Guangxi",china,yulin,43.83,148.44
China,CN_CHENGDU_SICHUAN,Chengdu,china,chengdu,36.59,69.42
China,CN_HANGZHOU_ZHEJIANG,Hangzhou,china,hangzhou,35.81,113.57
China,CN_JINAN_SHANDONG,"Ji'nan, Shandong",china,ji'nan,26.21,66.43
China,CN_GUIXI_CHONGQING,"Guixi, Chongqing",china,guixi,25.27,20.62
China,CN_QINGDAO_SHANDONG,Qingdao,china,qingdao,19.04,38.63
China,CN_BEIJING,Beijing,china,beijing,18.11,41.6
China,CN_HAIKOU_HAINAN,Haikou,china,haikou,17.68,22.79
China,CN_HONG_KONG,"Hong Kong, Hong Kong",china,hong kong,11.24,2.43
China,CN_ZHUJI_ZHEJIANG,Zhuji,china,zhuji,11.14,33.5
China,CN_QUJING,Qujing,china,qujing,5.57,9.52
China,CN_CHAOZHOU,Chaozhou,china,chaozhou,1.62,1.58
China,CN_TIANJIN_TIANJIN,Tianjin,china,tianjin,1.34,1.98
Colombia,CO_HUI_NEIVA,Neiva,colombia,neiva,29.89,36.53
Colombia,CO_ANT_MEDELLIN,Medellín,colombia,medellin,29.82,19.41
Colombia,CO_BOY_DUITAMA,Boyaca_Duitama,colombia,boyaca_duitama,23.34,35.23
Colombia,CO_CAS_YOPAL,Casanare_Yopal,colombia,casanare_yopal,19.68,16.66
Colombia,CO_ATL_BARRANQUILLA,Barranquilla,colombia,barranquilla,17.66,10.63
Colombia,CO_BOY_SOGAMOSO,Boyaca_Sogamoso,colombia,boyaca_sogamoso,15.89,24.84
Colombia,CO_BOGOTA,Bogotá,colombia,bogota,12.52,5.77
Colombia,CO_CES_VALLEDUPAR,Valledupar,colombia,valledupar,5.96,4.38
Costa Rica,CR_SAN_JOSE,San José,costa rica,san jose,24.54,53.85
Costa Rica,CR_CARTAGO,Cartago,costa rica,cartago,12.46,26.95
Costa Rica,CR_LIBERIA,Liberia,costa rica,liberia,9.27,27.19
Côte d’Ivoire,CI_YAMOUSSOUKRO,Yamoussoukro,cote d’ivoire,yamoussoukro,24.55,38.28
Côte d’Ivoire,CI_MAN,Man,cote d’ivoire,man,15.34,25.7
Côte d’Ivoire,CI_BOUAKE,Bouake,cote d’ivoire,bouake,9.87,15.29
Côte d’Ivoire,CI_KORHOGO,Korhogo,cote d’ivoire,korhogo,2.13,4.33
Croatia,HR_ZAGREB,Zagreb,croatia,zagreb,30.71,84.68
Cuba,CU_BAYAMO,Bayamo,cuba,bayamo,27.67,19.27
Cuba,CU_LAS_TUNAS,Las Tunas (Victoria de las Tunas),cuba,las tunas,14.69,19.41
Cuba,CU_CAMAGUEY,Camaguey,cuba,camaguey,10.43,15.68
Cuba,CU_HOLGUIN,Holguín,cuba,holguin,8.99,8.75
Cyprus,CY_LEFKOSIA,Lefkosía (Nicosia),cyprus,lefkosia,3.3,11.93
Czechia,CZ_BRNO,Brno,czechia,brno,40.58,124.81
Czechia,CZ_OSTRAVA,Ostrava,czechia,ostrava,31.03,161.4
Czechia,CZ_PRAHA,Praha (Prague),czechia,prague,21.45,48.32
Democratic People's Republic of Korea,KP_PYONGYANG,P'yongyang,democratic people's republic of korea,p'yongyang,3.53,1.65
Democratic People's Republic of Korea,KP_SONGRIM,Songrim,democratic people's republic of korea,songrim,1.68,0.74
Democratic Republic of the Congo,CD_BUTEMBO,Butembo,democratic republic of the congo,butembo,19.14,39.5
Democratic Republic of the Congo,CD_KISANGANI,Kisangani,democratic republic of the congo,kisangani,18.18,17.08
Denmark,DK_VEJLE,Vejle,denmark,vejle,38.64,239.24
Denmark,DK_HERNING,Herning,denmark,herning,37.09,240.8
Denmark,DK_RANDERS,Randers,denmark,randers,35.24,192.98
Denmark,DK_KOLDING,Kolding,denmark,kolding,34.89,209.92
Denmark,DK_ODENSE,Odense,denmark,odense,34.55,174.27
Denmark,DK_AALBORG,Aalborg,denmark,aalborg,34.38,171.2
Denmark,DK_ARHUS,Århus,denmark,arhus,30.43,107.79
Denmark,DK_HORSENS,Horsens,denmark,horsens,28.83,168.29
Denmark,DK_HORSHOLM,Hørsholm,denmark,hørsholm,24.97,127.25
Denmark,DK_KOBENHAVN,København (Copenhagen),denmark,københavn,22.29,58.76
Denmark,DK_HJORRING,Hjørring,denmark,hjørring,19.76,148.77
Denmark,DK_SLAGELSE,Slagelse,denmark,slagelse,8.52,45.89
Djibouti,DJ_DJIBOUTI,Djibouti,djibouti,djibouti,1.21,1.03
Dominican Republic,DO_SANTO_DOMINGO_DE_GUZMAN,Santo Domingo,dominican republic,santo domingo,24.11,24.4
Egypt,EG_AZ_ZAQAZIQ,Az-Zaqazig,egypt,az zaqazig,34.59,17.47
Egypt,EG_DUMYAT,Dumyāṭ (Damietta),egypt,damietta,31.41,24.65
Egypt,EG_FAQUS,Fāqūs (Faqous),egypt,faqus,24.51,13.58
Egypt,EG_DAMANHUR,Damanhūr (Damanhour),egypt,damanhur,23.52,10.77
Egypt,EG_MADINAT_SITTAH_UKTUBAR,Madīnat Sittah Uktūbar (6th October City),egypt,madinat sittah uktubar,22.87,140.56
Egypt,EG_DISUQ,Disūq (Desouk),egypt,disuq,17.99,5.41
Egypt,EG_AL_MANSURAH,Al-Mansurah,egypt,al mansurah,15.48,6.6
Egypt,EG_ASYUT,Asyut,egypt,asyut,15.41,5.65
Egypt,EG_TANTA,Tanta,egypt,tanta,11.83,4.29
Egypt,EG_AL_QAHIRAH,Al-Qahirah (Cairo),egypt,cairo,11.44,9.58
Egypt,EG_ALEXANDRIA,Al-Iskandariyah (Alexandria),egypt,alexandria,6.56,2.29
Egypt,EG_BUR_SAID,Bur Sa'id,egypt,bur sa'id,1.53,0.63
El Salvador,SV_USULUTAN,Usulután,el salvador,usulutan,26.36,69.65
Eritrea,ER_ASMERA,Asmara,eritrea,asmara,5.79,10.23
Eswatini,SZ_MBABANE,Mbabane,eswatini,mbabane,19.46,99.29
Ethiopia,ET_DIRE_DAWA,Dire Dawa,ethiopia,dire dawa,9.67,6.49
Ethiopia,ET_GONDER,Gondar,ethiopia,gondar,4.7,5.4
Finland,FI_TURKU,Turku (Åbo),finland,turku,35.22,185.26
Finland,FI_JYVASKYLA,Jyväskylä,finland,jyvaskyla,21.3,116.85
Finland,FI_TAMPERE,Tampere,finland,tampere,17.03,53.9
France,FR_BESANCON,Besançon,france,besancon,31.26,136.89
France,FR_NANTES,Nantes,france,nantes,28.08,104.14
France,FR_LE_MANS,Le Mans,france,le mans,27.55,133.13
France,FR_TOURS,Tours,france,tours,23.93,114.14
France,FR_ANGERS,Angers,france,angers,21.63,89.31
France,FR_MARSEILLE,Marseille,france,marseille,18.25,36.64
France,FR_METZ,Metz,france,metz,12.85,47.33
France,FR_TOULON,Toulon,france,toulon,10.36,52.74
France,FR_STRASBOURG,Strasbourg,france,strasbourg,9.93,25.42
France,FR_REIMS,Reims,france,reims,9.31,29.5
France,FR_LILLE,Lille,france,lille,8.93,22.16
France,FR_BORDEAUX,Bordeaux,france,bordeaux,7.86,32.25
France,FR_TOULOUSE,Toulouse,france,toulouse,7.06,29.61
Germany,DE_MUNCHEN,München (Munich),germany,munich,29.68,54.1
Germany,DE_OLDENBURG,Oldenburg (Oldenburg),germany,oldenburg,29.33,129.44
Germany,DE_HAMBURG,Hamburg,germany,hamburg,26.5,77.99
Germany,DE_BREMEN,Bremen,germany,bremen,20.98,63.58
Germany,DE_KARLSRUHE,Karlsruhe,germany,karlsruhe,16.75,44.3
Germany,DE_HALLE,Halle (Saale),germany,halle,11.61,37.15
Germany,DE_MAGDEBURG,Magdeburg,germany,magdeburg,11.03,37.58
Ghana,GH_TAMALE,Tamale,ghana,tamale,3.11,7.04
Greece,GR_PATRAI,Pátrai (Patras),greece,patrai,14.98,50.01
Greece,GR_THESSALONIKI,Thessaloniki,greece,thessaloniki,11.3,24.71
Greece,GR_ATHINAI,Athínai (Athens),greece,athinai,2.86,3.24
Guatemala,GT_COBAN,Cobán,guatemala,coban,40.68,31.62
Guatemala,GT_MAZATENANGO,Mazatenango,guatemala,mazatenango,37.38,47.99
Guatemala,GT_SAN_JUAN_SACATEPEQUEZ,San Juan Sacatepéquez,guatemala,san juan sacatepequez,34.44,48.23
Guatemala,GT_QUETZALTENANGO,Quetzaltenango,guatemala,quetzaltenango,4.85,13.35
Guinea,GN_NZEREKORE,Nzérékoré,guinea,nzerekore,16.56,26.99
Guinea,GN_CONAKRY,Conakry,guinea,conakry,8.21,10.34
Guinea,GN_KANKAN,Kankan,guinea,kankan,3.18,9.39
Guinea-Bissau,GW_BISSAU,Bissau,guinea-bissau,bissau,14.78,18.76
Guinea-Bissau,GW_GABU,Gabú (Nova Lamego),guinea-bissau,gabu,3.33,4.67
Honduras,HN_LA_CEIBA,La Ceiba,honduras,la ceiba,29.89,33.58
Honduras,HN_EL_PROGRESO,El Progreso,honduras,el progreso,20.85,30.98
Honduras,HN_SAN_PEDRO_SULA,San Pedro Sula,honduras,san pedro sula,16.58,18.77
Honduras,HN_COMAYAGUA,Comayagua,honduras,comayagua,4.35,8.14
Hungary,HU_SOPRON,Sopron,hungary,sopron,32.46,85.95
Hungary,HU_MISKOLC,Miskolc,hungary,miskolc,26.14,89.76
India,IN_KOCHI,Kochi (Cochin),india,kochi,48.14,104.75
India,IN_KOZHIKODE,Kozhikode (Calicut),india,kozhikode,38.96,19.13
India,IN_PATNA,Patna,india,patna,38.2,20.08
India,IN_AIZAWL,Aizawl,india,aizawl,36.17,36.17
India,IN_JALANDHAR,Jalandhar,india,jalandhar,22.84,23.57
India,IN_BAREILLY,Bareilly,india,bareilly,21.83,13.46
India,IN_BHOPAL,Bhopal,india,bhopal,20.17,15.27
India,IN_PUNE,Pune (Poona),india,pune,18.21,19.37
India,IN_LAKHIMPUR,Lakhīmpur,india,lakhimpur,14.33,6.24
India,IN_BERHAMPORE,Baharampur,india,baharampur,13.39,5.32
India,IN_SITAPUR,Sītāpur,india,sitapur,12.36,5.52
India,IN_NASHIK,Nashik,india,nashik,11.8,8.54
India,IN_MORADABAD,Moradabad,india,moradabad,10.91,4.01
India,IN_LUDHIANA,Ludhiana,india,ludhiana,10.12,9.22
India,IN_HYDERABAD,Hyderabad,india,hyderabad,9.32,9.49
India,IN_BENGALURU,Bangalore,india,bangalore,9.12,7.43
India,IN_SHAHJAHANPUR,Shahjahanpur,india,shahjahanpur,8.88,3.68
India,IN_AMRITSAR,Amritsar,india,amritsar,8.67,5.9
India,IN_MEERUT,Meerut,india,meerut,7.48,5.1
India,IN_JABALPUR,Jabalpur,india,jabalpur,6.48,3.56
India,IN_MUMBAI,Mumbai (Bombay),india,bombay,6.36,1.49
India,IN_ADONI,Ādoni,india,adoni,6.2,3.54
India,IN_AHMADNAGAR,Ahmadnagar,india,ahmadnagar,5.62,5.27
India,IN_DELHI,Delhi,india,delhi,5.32,3.68
India,IN_SURAT,Surat,india,surat,5.25,1.62
India,IN_NELLORE,Nellore,india,nellore,4.81,3.17
India,IN_BHIWANDI,Bhiwandi,india,bhiwandi,4.7,2.32
India,IN_JALNA,Jalna,india,jalna,4.53,2.67
India,IN_PARBHANI,Parbhani,india,parbhani,3.81,2.21
India,IN_REWA,Rewa,india,rewa,3.62,4.18
India,IN_ANAND,Anand,india,anand,3.48,2.47
India,IN_AMRAVATI,Amravati,india,amravati,3.13,2.39
India,IN_MORENA,Morena,india,morena,2.46,1.37
Indonesia,ID_MEDAN,Medan,indonesia,medan,41.96,53.18
Indonesia,ID_MANADO,Manado,indonesia,manado,29.4,31.7
Indonesia,ID_SEMARANG,Semarang,indonesia,semarang,22.91,28.79
Indonesia,ID_PEKALONGAN,Pekalongan,indonesia,pekalongan,22.73,28.19
Indonesia,ID_BENGKULU,Bengkulu,indonesia,bengkulu,22.45,43.55
Indonesia,ID_CIREBON,Cirebon,indonesia,cirebon,20.77,27.12
Indonesia,ID_BANDAR_LAMPUNG,Bandar Lampung,indonesia,bandar lampung,18.53,23.4
Indonesia,ID_BANDA_ACEH,Banda Aceh,indonesia,banda aceh,18.52,50.72
Iran (Islamic Republic of),IR_AMOL,Āmol,iran,amol,25.86,69.03
Iran (Islamic Republic of),IR_ESFAHAN,Eṣfahān (Isfahan),iran,esfahan,16.7,31.36
Iran (Islamic Republic of),IR_BABOL,Bābol,iran,babol,8.6,17.09
Iran (Islamic Republic of),IR_KASHMAR,Kāshmar,iran,kashmar,7.78,17.24
Iran (Islamic Republic of),IR_GORGAN,Gorgan,iran,gorgan,7.75,9.67
Iran (Islamic Republic of),IR_SARI,Sari,iran,sari,7.74,15.62
Iran (Islamic Republic of),IR_KARAJ,Karaj,iran,karaj,5.33,4.71
Iran (Islamic Republic of),IR_TEHRAN,Tehran,iran,tehran,4.62,4.16
Iran (Islamic Republic of),IR_TABRIZ,Tabriz,iran,tabriz,4.1,4.15
Iran (Islamic Republic of),IR_SANANDAJ,Sanandaj,iran,sanandaj,3.59,4.38
Iran (Islamic Republic of),IR_BANDAR_E_ABAS,Bandar Abbas,iran,bandar abbas,3.59,5.87
Iran (Islamic Republic of),IR_SHIRAZ,Shiraz,iran,shiraz,3.43,6.34
Iran (Islamic Republic of),IR_KASHAN,Kashan,iran,kashan,3.24,8.38
Iran (Islamic Republic of),IR_ARDABIL,Ardabil,iran,ardabil,2.96,3.83
Iran (Islamic Republic of),IR_MASHHAD,Mashhad,iran,mashhad,2.56,2.1
Iran (Islamic Republic of),IR_BOJNURD,Bojnūrd,iran,bojnurd,2.09,2.42
Iran (Islamic Republic of),IR_SALMAS,Salmās,iran,salmas,1.47,1.89
Iran (Islamic Republic of),IR_KERMAN,Kerman,iran,kerman,1.31,3.16
Iran (Islamic Republic of),IR_DEHDASHT,Dehdasht,iran,dehdasht,0.84,1.08
Iran (Islamic Republic of),IR_NISHABUR,Nīshābūr (Nishapur/Neyshabur),iran,nishabur,0.79,1.19
Iran (Islamic Republic of),IR_SHIRVAN,Shīrvān,iran,shirvan,0.66,0.87
Iraq,IQ_AMARA,Amara,iraq,amara,4.81,4.78
Iraq,IQ_BAAQOOBAH,Baaqoobah,iraq,baaqoobah,4.01,15.08
Iraq,IQ_DIWANIYAH,Diwaniyah,iraq,diwaniyah,2.03,1.34
Iraq,IQ_BAGHDAD,Baghdad,iraq,baghdad,1.97,2.05
Iraq,IQ_FALOOJAH,Faloojah,iraq,faloojah,0.92,0.94
Ireland,IE_DUBLIN,Dublin,ireland,dublin,24.95,61.5
Israel,IL_TEL_AVIV_YAFO,Tel Aviv-Yafo (Tel Aviv-Jaffa),israel,tel aviv-yafo,2.76,4.0
Italy,IT_PALERMO,Palermo,italy,palermo,24.25,40.0
Italy,IT_ROMA,Roma (Rome),italy,roma,23.87,44.02
Italy,IT_BOLOGNA,Bologna,italy,bologna,20.47,48.31
Italy,IT_MILANO,Milano (Milan),italy,milan,15.39,32.84
Italy,IT_PARMA,Parma,italy,parma,14.01,34.56
Italy,IT_MESSINA,Messina,italy,messina,13.92,16.84
Italy,IT_MODENA,Modena,italy,modena,12.87,30.62
Italy,IT_VERONA,Verona,italy,verona,9.02,26.57
Italy,IT_MARSALA,Marsala,italy,marsala,5.24,12.25
Italy,IT_VENEZIA,Venezia,italy,venezia,0.81,1.13
Japan,JP_SASEBO,Sasebo,japan,sasebo,24.82,87.64
Japan,JP_OKINAWA,Okinawa,japan,okinawa,21.97,66.23
Japan,JP_KORIYAMA,Koriyama,japan,koriyama,15.56,59.17
Japan,JP_OSAKA,Osaka,japan,osaka,11.78,19.85
Japan,JP_AKITA,Akita,japan,akita,9.67,29.6
Japan,JP_TOKYO,Tokyo,japan,tokyo,9.03,12.84
Japan,JP_KANAZAWA,Kanazawa,japan,kanazawa,9.02,29.5
Japan,JP_TOYAMA,Toyama,japan,toyama,7.9,30.0
Japan,JP_NAGOYA,Chukyo M.M.A. (Nagoya),japan,nagoya,7.2,23.76
Japan,JP_TOKUSHIMA,Tokushima,japan,tokushima,6.36,42.15
Jordan,JO_AMMAN,Ammān (Amman),jordan,amman,4.86,4.01
Jordan,JO_IRBID,Irbid,jordan,irbid,2.12,2.9
Kazakhstan,KZ_AQTOBE,Aqtóbe (Aktobe),kazakhstan,aqtobe,3.87,10.27
Kazakhstan,KZ_TURKISTAN,Túrkistan (Turkestan),kazakhstan,turkistan,2.05,8.19
Kenya,KE_NAKURU,Nakuru,kenya,nakuru,15.97,21.16
Kenya,KE_NAIROBI,Nairobi,kenya,nairobi,4.2,4.05
Kuwait,KW_AL_KUWAYT,Al-Kuwayt (Kuwait City),kuwait,al-kuwayt,0.87,0.88
Kyrgyzstan,KG_BISKEK,Bishkek,kyrgyzstan,bishkek,9.35,18.53
Kyrgyzstan,KG_ZALAL_ABAT,Žalal-Abat (Jalal-Abad),kyrgyzstan,zalal-abat,8.36,29.0
Latvia,LV_RIGA,Riga,latvia,riga,15.05,28.34
Lebanon,LB_SUR_TYRE,Ṣūr (Tyre),lebanon,sur,17.81,18.99
Lebanon,LB_SAYDA,Ṣaydā (Sidon),lebanon,sayda,8.86,8.95
Lebanon,LB_TARABULUS,Ṭarābulus (Tripoli),lebanon,tarabulus,5.29,4.81
Liberia,LR_MONROVIA,Monrovia,liberia,monrovia,26.21,48.03
Libya,LY_TARABULUS,Tarabulus (Tripoli),libya,tarabulus,2.26,10.64
Lithuania,LT_VILNIUS,Vilnius,lithuania,vilnius,22.85,76.59
Luxembourg,LU_LUXEMBOURG,Luxembourg (Lëtzebuerg),luxembourg,luxembourg,22.3,57.09
Madagascar,MG_ANTANANARIVO,Antananarivo,madagascar,antananarivo,21.89,15.46
Malawi,MW_BLANTYRE,Blantyre-Limbe,malawi,blantyre limbe,6.83,11.95
Malawi,MW_MZUZU,Mzuzu,malawi,mzuzu,5.17,13.7
Malawi,MW_LILONGWE,Lilongwe,malawi,lilongwe,2.74,6.26
Malaysia,MY_KUCHING,Kuching,malaysia,kuching,21.43,42.38
Malaysia,MY_KUALA_LUMPUR,Kuala Lumpur,malaysia,kuala lumpur,20.43,31.04
Malaysia,MY_KOTA_BHARU,Kota Bharu,malaysia,kota bharu,19.83,45.14
Malaysia,MY_BUKIT_MERTAJAM,Bukit Mertajam,malaysia,bukit mertajam,18.63,52.27
Malaysia,MY_IPOH,Ipoh,malaysia,ipoh,17.33,34.42
Malaysia,MY_ALOR_STAR,Alor Star,malaysia,alor star,16.56,37.51
Malaysia,MY_KULIM,Kulim,malaysia,kulim,16.38,36.12
Malaysia,MY_TAIPING,Taiping,malaysia,taiping,15.1,32.83
Malaysia,MY_GEORGE_TOWN,George Town (Pinang),malaysia,george town,10.51,11.01
Mali,ML_KAYES,Kayes,mali,kayes,2.66,4.03
Mali,ML_BAMAKO,Bamako,mali,bamako,2.15,2.6
Mali,ML_SEGOU,Ségou,mali,segou,1.96,4.11
Mali,ML_SIKASSO,Sikasso,mali,sikasso,1.72,3.68
Mali,ML_KOUTIALA,Koutiala,mali,koutiala,1.08,2.01
Mali,ML_BOUGOUNI,Bougouni,mali,bougouni,0.85,2.71
Malta,MT_VALLETTA,Valletta,malta,valletta,2.35,4.4
Mauritania,MR_NOUAKCHOTT,Nouakchott,mauritania,nouakchott,0.76,1.24
Mexico,MX_TAB_CARDENAS,Tabasco_Cárdenas,mexico,tabasco_cardenas,32.98,58.16
Mexico,MX_VER_LAS_CHOAPAS,Veracruz De Ignacio De La Llave_Las Choapas,mexico,veracruz de ignacio de la llave_las choapas,31.29,71.76
Mexico,MX_TAB_COMALCALCO,Tabasco_Comalcalco,mexico,tabasco_comalcalco,28.56,53.24
Mexico,MX_CAM_CAMPECHE,Campeche_Campeche,mexico,campeche_campeche,25.03,51.79
Mexico,MX_VER_MINATITLAN,Veracruz De Ignacio De La Llave_Minatitlán,mexico,veracruz de ignacio de la llave_minatitlan,24.16,55.97
Mexico,MX_TAB_VILLAHERMOSA,Villahermosa,mexico,villahermosa,23.14,40.34
Mexico,MX_NLE_MONTERREY,Monterrey,mexico,monterrey,16.65,35.9
Mexico,MX_VER_COATZACOALCOS,Coatzacoalcos,mexico,coatzacoalcos,12.18,19.64
Mexico,MX_JAL_PUERTO_VALLARTA,Puerto Vallarta,mexico,puerto vallarta,11.92,27.25
Mexico,MX_MIC_URUAPAN,Michoacán De Ocampo_Uruapan,mexico,michoacan de ocampo_uruapan,10.9,17.82
Mexico,MX_MOR_CUERNAVACA,Cuernavaca,mexico,cuernavaca,9.27,22.55
Mexico,MX_YUC_MERIDA,Mérida,mexico,merida,8.81,25.6
Mexico,MX_GUA_CELAYA,Celaya,mexico,celaya,7.49,13.38
Mexico,MX_NAY_TEPIC,Tepic,mexico,tepic,6.49,10.35
Mexico,MX_GUA_IRAPUATO,Irapuato,mexico,irapuato,4.54,7.76
Mexico,MX_QUE_QUERETARO,Querétaro,mexico,queretaro,4.34,10.18
Mexico,MX_GUA_LEON,León de los Aldamas,mexico,leon de los aldamas,3.37,5.44
Mexico,MX_COA_SALTILLO,Saltillo,mexico,saltillo,3.12,7.42
Mexico,MX_BCN_ENSENADA,Ensenada,mexico,ensenada,2.64,6.79
Mexico,MX_GUA_SALAMANCA,Guanajuato_Salamanca,mexico,guanajuato_salamanca,2.63,4.83
Mexico,MX_SIN_CULIACAN,Culiacán,mexico,culiacan,2.4,5.16
Mexico,MX_PUE_PUEBLA,Puebla,mexico,puebla,2.03,5.21
Mexico,MX_MEX_TOLUCA,México_Toluca,mexico,mexico_toluca,1.69,3.87
Mexico,MX_BCN_TIJUANA,Tijuana,mexico,tijuana,0.98,1.95
Mexico,MX_CHH_JUAREZ,Ciudad Juárez (Juárez),mexico,juarez,0.68,1.58
Morocco,MA_SEFROU,Séfrou,morocco,sefrou,11.83,7.58
Morocco,MA_MEKNES,Meknès,morocco,meknes,6.71,5.85
Morocco,MA_FES,Fès,morocco,fes,6.55,4.19
Morocco,MA_RABAT,Rabat,morocco,rabat,4.25,2.92
Morocco,MA_SIDI_SLIMANE,Sidi Slimane,morocco,sidi slimane,3.42,2.4
Morocco,MA_MARRAKECH,Marrakech,morocco,marrakech,3.07,3.12
Morocco,MA_AGADIR,Agadir,morocco,agadir,1.96,1.72
Morocco,MA_OUJDA,Oujda,morocco,oujda,1.85,1.89
Morocco,MA_FKIH_BEN_SALAH,Fkih Ben Salah,morocco,fkih ben salah,1.55,1.15
Morocco,MA_CASABLANCA,Dar-el-Beida (Casablanca),morocco,casablanca,0.89,0.51
Morocco,MA_TETOUAN,Tétouan,morocco,tetouan,0.83,0.42
Mozambique,MZ_MAPUTO,Maputo,mozambique,maputo,5.34,9.79
Mozambique,MZ_NAMPULA,Nampula,mozambique,nampula,5.31,6.11
Mozambique,MZ_MAXIXE,Maxixe,mozambique,maxixe,3.23,11.67
Mozambique,MZ_MOCUBA,Mocuba,mozambique,mocuba,2.93,2.89
Myanmar,MM_SITTWE,Sittwe (Akyab),myanmar,akyab,22.12,29.17
Namibia,NA_WINDHOEK,Windhoek,namibia,windhoek,4.57,12.17
Nepal,NP_POKHARA,Pokhara,nepal,pokhara,8.61,27.18
Nepal,NP_BHARATPUR,Bharatpur,nepal,bharatpur,2.44,8.63
Netherlands (Kingdom of the),NL_ROTTERDAM,Rotterdam,netherlands (kingdom of the),rotterdam,19.63,53.12
Netherlands (Kingdom of the),NL_EINDHOVEN,Eindhoven,netherlands (kingdom of the),eindhoven,18.02,52.63
Netherlands (Kingdom of the),NL_GOUDA,Gouda,netherlands (kingdom of the),gouda,14.8,28.5
Netherlands (Kingdom of the),NL_AMSTERDAM,Amsterdam,netherlands (kingdom of the),amsterdam,11.97,27.35
New Zealand,NZ_DUNEDIN,Dunedin,new zealand,dunedin,44.33,199.86
New Zealand,NZ_WELLINGTON,Wellington,new zealand,wellington,24.6,73.26
New Zealand,NZ_PALMERSTON,Palmerston,new zealand,palmerston,19.31,88.79
New Zealand,NZ_TAURANGA,Tauranga,new zealand,tauranga,18.24,114.33
New Zealand,NZ_AUCKLAND,Auckland,new zealand,auckland,17.4,58.24
New Zealand,NZ_HAMILTON,Hamilton,new zealand,hamilton,14.73,65.95
New Zealand,NZ_CHRISTCHURCH,Christchurch,new zealand,christchurch,8.91,44.11
Nicaragua,NI_ESTELI,Estelí,nicaragua,esteli,16.04,24.55
Nicaragua,NI_LEON,León,nicaragua,leon,10.99,17.23
Niger,NE_NIAMEY,Niamey,niger,niamey,2.76,3.9
Nigeria,NG_ABA,Aba,nigeria,aba,32.26,43.37
Oman,OM_SALALAH,Salahah (Salalah),oman,salalah,4.52,12.19
Oman,OM_MASQAT,Masqat (Muscat),oman,muscat,3.81,5.28
Pakistan,PK_PESHAWAR,Peshawar,pakistan,peshawar,36.37,45.96
Pakistan,PK_GUJRANWALA,Gujranwala,pakistan,gujranwala,26.62,15.58
Pakistan,PK_DASKA,Daska,pakistan,daska,14.08,5.36
Pakistan,PK_SHEIKHUPURA,Sheikhupura,pakistan,sheikhupura,12.75,6.44
Pakistan,PK_MULTAN,Multan,pakistan,multan,12.23,9.43
Pakistan,PK_SADIQABAD,Sādiqābād,pakistan,sadiqabad,9.92,6.64
Pakistan,PK_JHANG,Jhang,pakistan,jhang,9.81,7.77
Pakistan,PK_SARGODHA,Sargodha,pakistan,sargodha,9.41,4.74
Pakistan,PK_MARDAN,Mardan,pakistan,mardan,8.38,5.48
Pakistan,PK_KHAIRPUR,Khaīrpur,pakistan,khairpur,5.74,3.54
Pakistan,PK_FAISALABAD,Faisalabad,pakistan,faisalabad,5.71,2.65
Pakistan,PK_ISLAMABAD,Islamabad,pakistan,islamabad,5.08,4.94
Pakistan,PK_LARKANA,Larkana,pakistan,larkana,4.42,2.07
Pakistan,PK_TURBAT,Turbat,pakistan,turbat,4.28,4.33
Pakistan,PK_HYDERABAD,Hyderabad,pakistan,hyderabad,2.94,0.93
Pakistan,PK_SUKKUR,Sukkur,pakistan,sukkur,2.5,1.21
Pakistan,PK_HAFIZABAD,Hāfizābād,pakistan,hafizabad,2.41,1.07
Pakistan,PK_KARACHI,Karachi,pakistan,karachi,1.83,0.59
Panama,PA_CIUDAD_DE_PANAMA,Ciudad de Panamá (Panama City),panama,ciudad de panama,15.09,24.36
Paraguay,PY_ASUNCION,Asunción,paraguay,asuncion,40.91,154.74
Paraguay,PY_CIUDAD_DEL_ESTE,Ciudad del Este,paraguay,ciudad del este,13.06,38.03
Peru,PE_PUCALLPA,Pucallpa,peru,pucallpa,19.07,47.54
Peru,PE_IQUITOS,Iquitos,peru,iquitos,16.97,82.38
Peru,PE_HUANCAYO,Huancayo,peru,huancayo,8.95,16.78
Peru,PE_CHIMBOTE,Chimbote,peru,chimbote,5.97,5.75
Peru,PE_TACNA,Tacna,peru,tacna,5.47,10.16
Peru,PE_AREQUIPA,Arequipa,peru,arequipa,3.59,6.83
Peru,PE_PIURA,Piura,peru,piura,1.75,2.42
Peru,PE_JULIACA,Juliaca,peru,juliaca,0.45,0.87
Philippines,PH_MANILA,Manila,philippines,manila,44.71,41.3
Philippines,PH_ILIGAN,Iligan,philippines,iligan,28.59,21.51
Philippines,PH_BAGUIO_CITY,Baguio City,philippines,baguio city,23.68,23.8
Philippines,PH_OZAMIS,Ozamis,philippines,ozamis,23.03,16.92
Philippines,PH_DAVAO_CITY,Davao City,philippines,davao city,18.02,15.62
Poland,PL_KRAKOW,Kraków (Cracow),poland,cracow,28.39,63.95
Poland,PL_WARSZAWA,Warszawa (Warsaw),poland,warsaw,26.4,92.5
Poland,PL_WROCLAW,Wrocław,poland,wrocław,23.7,76.7
Poland,PL_GLOGOW,Głogów,poland,głogow,22.85,62.87
Poland,PL_OSTROW_WIELKOPOLSKI,Ostrów Wielkopolski,poland,ostrow wielkopolski,21.58,87.02
Poland,PL_KALISZ,Kalisz,poland,kalisz,21.34,76.76
Poland,PL_POZNAN,Poznań,poland,poznan,16.71,69.8
Poland,PL_LUBIN,Lubin,poland,lubin,16.17,29.81
Poland,PL_TORUN,Toruń,poland,torun,15.38,35.83
Poland,PL_LEGNICA,Legnica,poland,legnica,13.5,26.37
Poland,PL_LESZNO,Leszno,poland,leszno,11.6,33.79
Portugal,PT_PORTO,Porto,portugal,porto,36.11,128.34
Portugal,PT_LISBOA,Lisboa (Lisbon),portugal,lisbon,25.49,49.21
Qatar,QA_AD_DAWHAH,Ad-Dawhah (Doha),qatar,doha,3.31,8.87
Republic of Korea,KR_JEJU,Jeju,south korea,jeju,29.26,145.41
Republic of Korea,KR_DAEGU,Daegu,south korea,daegu,14.26,12.16
Republic of Korea,KR_BUSAN,Busan,south korea,busan,10.78,7.27
Republic of Moldova,MD_CHISINAU,Chişinău,republic of moldova,chisinau,13.02,38.7
Russian Federation,RU_MOSKVA,Moskva (Moscow),russia,moskva,21.38,24.14
Russian Federation,RU_BERDSK,Berdsk,russia,berdsk,18.77,61.08
Russian Federation,RU_ASTRACHAN,Astrakhan,russia,astrakhan,3.58,9.57
San Marino,SM_SAN_MARINO,San Marino,san marino,san marino,10.6,68.97
Saudi Arabia,SA_AL_HUFUF,Hufuf-Mubarraz,saudi arabia,hufuf mubarraz,15.05,48.68
Saudi Arabia,SA_ABHA,Abhā,saudi arabia,abha,8.62,19.77
Saudi Arabia,SA_AT_TAIF,Taif,saudi arabia,taif,5.19,8.99
Saudi Arabia,SA_AL_MADINAH,Al-Madinah (Medina),saudi arabia,al-madinah,4.46,8.45
Saudi Arabia,SA_AD_DAMMAM,Ad-Dammam,saudi arabia,ad dammam,2.74,4.65
Saudi Arabia,SA_AR_RIYAD,Ar-Riyadh (Riyadh),saudi arabia,riyadh,0.71,1.0
Saudi Arabia,SA_JIDDAH,Jiddah,saudi arabia,jiddah,0.54,0.54
Saudi Arabia,SA_HAIL,Ha'il,saudi arabia,ha'il,0.47,2.01
Saudi Arabia,SA_MAKKAH,Makkah (Mecca),saudi arabia,mecca,0.41,0.35
Senegal,SN_ZIGUINCHOR,Ziguinchor,senegal,ziguinchor,11.8,12.42
Senegal,SN_DAKAR,Dakar,senegal,dakar,4.8,2.85
Serbia,RS_BEOGRAD,Beograd (Belgrade),serbia,belgrade,18.25,33.33
Serbia,RS_POZAREVAC,Požarevac,serbia,pozarevac,13.24,47.16
Serbia,RS_NIS,Niš,serbia,nis,11.11,18.1
Serbia,RS_ZRENJANIN,Zrenjanin,serbia,zrenjanin,5.86,20.57
Sierra Leone,SL_BO,Bo,sierra leone,bo,13.73,19.53
Sierra Leone,SL_KENEMA,Kenema,sierra leone,kenema,13.63,20.12
Sierra Leone,SL_FREETOWN,Freetown,sierra leone,freetown,4.98,5.0
Slovakia,SK_BRATISLAVA,Bratislava,slovakia,bratislava,29.94,90.72
Slovakia,SK_NITRA,Nitra,slovakia,nitra,26.74,136.54
Slovakia,SK_KOSICE,Košice,slovakia,kosice,19.18,37.97
Slovakia,SK_TRNAVA,Trnava,slovakia,trnava,18.23,52.02
Slovakia,SK_ZILINA,Žilina,slovakia,zilina,10.1,29.76
Slovenia,SI_LJUBLJANA,Ljubljana,slovenia,ljubljana,15.56,44.91
South Africa,ZA_DURBAN,Durban (Ethekwini),south africa,durban,25.11,64.12
South Africa,ZA_PIETERMARITZBURG,Pietermaritzburg (The Msunduzi),south africa,pietermaritzburg,12.76,44.72
South Africa,ZA_GQEBERHA,Gqeberha,south africa,gqeberha,12.68,31.54
South Africa,ZA_JOHANNESBURG,Johannesburg,south africa,johannesburg,7.79,17.44
South Africa,ZA_BLOEMFONTEIN,Bloemfontein,south africa,bloemfontein,4.01,11.99
South Africa,ZA_CAPE_TOWN,Cape Town,south africa,cape town,3.69,6.2
Spain,ES_SANTANDER,Santander,spain,santander,33.53,67.83
Spain,ES_TORRELAVEGA,Torrelavega,spain,torrelavega,29.5,61.79
Spain,ES_VITORIA_GASTEIZ,Vitoria-Gasteiz,spain,vitoria gasteiz,12.59,16.92
Spain,ES_MADRID,Madrid,spain,madrid,11.31,12.85
Spain,ES_BURGOS,Burgos,spain,burgos,7.67,9.78
Spain,ES_BARCELONA,Barcelona,spain,barcelona,5.92,3.05
Spain,ES_GRANADA,Granada,spain,granada,4.96,10.19
Spain,ES_MALAGA,Malaga,spain,malaga,4.67,8.19
Spain,ES_SEVILLA,Sevilla,spain,sevilla,3.82,3.71
Spain,ES_VALENCIA,Valencia,spain,valencia,3.33,3.11
Spain,ES_ZARAGOZA,Zaragoza,spain,zaragoza,3.28,2.65
Spain,ES_ALICANTE,Alicante,spain,alicante,2.88,8.14
State of Palestine,PS_NABULUS,Nābulus (Nablus),palestine,nabulus,1.41,2.45
Sudan,SD_AL_KHARTUM,Al-Khartum (Khartoum),sudan,khartoum,2.56,7.02
Sudan,SD_KASSALA,Kassala,sudan,kassala,1.19,2.22
Sudan,SD_WAD_MADANI,Wad Medani,sudan,wad medani,1.19,1.58
Sweden,SE_STOCKHOLM,Stockholm,sweden,stockholm,21.35,51.24
Sweden,SE_SODERTALJE,Södertälje,sweden,sodertalje,20.49,66.38
Sweden,SE_MALMO,Malmö,sweden,malmo,17.31,40.28
Sweden,SE_HALMSTAD,Halmstad,sweden,halmstad,16.87,85.09
Switzerland,CH_BASEL,Basel,switzerland,basel,16.15,39.85
Syrian Arab Republic,SY_LATTAKIA,Lattakia,syria,lattakia,7.2,6.11
Syrian Arab Republic,SY_DIMASHQ,Dimashq (Damascus),syria,damascus,3.65,3.86
Syrian Arab Republic,SY_HAMAH,Hamah,syria,hamah,2.74,3.36
Syrian Arab Republic,SY_AL_HASAKAH,Al-Hasakah,syria,al hasakah,2.39,4.43
Syrian Arab Republic,SY_HIMS,Hims (Homs),syria,hims,1.29,0.95
Syrian Arab Republic,SY_HALAB,Halab (Aleppo),syria,aleppo,1.14,0.74
Tajikistan,TJ_DUSANBE,Dushanbe,tajikistan,dushanbe,12.54,25.31
Tajikistan,TJ_ISTARAVSAN,Istaravšan (Istarawshan),tajikistan,istaravsan,12.14,63.72
Tajikistan,TJ_KULOB,Kūlob,tajikistan,kulob,10.12,21.99
Tajikistan,TJ_KHUJAND,Khujand (Chuçand),tajikistan,khujand,9.6,31.42
Thailand,TH_BANGKOK,Krung Thep (Bangkok),thailand,bangkok,16.84,27.99
Timor-Leste,TL_DILI,Dili,timor-leste,dili,8.1,7.97
Tunisia,TN_QABIS,Qābis (Gabès),tunisia,qabis,21.4,65.85
Tunisia,TN_MANZIL_BU_RUQAYBAH,Manzil Bū Ruqaybah (Menzel Bourguiba),tunisia,manzil bu ruqaybah,5.64,10.07
Tunisia,TN_SUSAH,Sūsah (Sousse),tunisia,susah,5.06,12.86
Tunisia,TN_TUNIS,Tunis,tunisia,tunis,3.47,5.61
Tunisia,TN_SAFAQIS,Safaqis,tunisia,safaqis,2.09,6.09
Tunisia,TN_AL_MUNASTIR,Al-Munastīr (Monastir),tunisia,al-munastir,2.02,3.18
Tunisia,TN_MASAKIN,Masākin (M'saken),tunisia,masakin,1.18,3.25
Tunisia,TN_AL_QAYRAWAN,Al-Qayrawān (Kairouan),tunisia,al-qayrawan,0.21,0.5
Türkiye,TR_CARSAMBA,Çarşamba,turkey,carsamba,33.15,49.25
Türkiye,TR_TERME,Terme,turkey,terme,27.72,23.92
Türkiye,TR_BULANCAK,Bulancak,turkey,bulancak,19.21,23.03
Türkiye,TR_GIRESUN,Giresun,turkey,giresun,18.22,12.23
Türkiye,TR_RIZE,Rize,turkey,rize,17.88,8.48
Türkiye,TR_TRABZON,Trabzon,turkey,trabzon,17.13,14.48
Türkiye,TR_ORDU,Ordu,turkey,ordu,13.33,13.58
Türkiye,TR_ISTANBUL,Istanbul,turkey,istanbul,9.57,7.48
Türkiye,TR_SAMSUN,Samsun,turkey,samsun,9.38,7.97
Türkiye,TR_BURSA,Bursa,turkey,bursa,8.0,8.08
Türkiye,TR_NIGDE,Niğde,turkey,nigde,7.81,13.58
Türkiye,TR_ANKARA,Ankara,turkey,ankara,7.51,6.58
Türkiye,TR_MALATYA,Malatya,turkey,malatya,5.74,6.84
Türkiye,TR_DENIZLI,Denizli,turkey,denizli,3.79,6.25
Türkiye,TR_ADIYAMAN,Adıyaman,turkey,adıyaman,3.46,3.78
Türkiye,TR_KAYSERI,Kayseri,turkey,kayseri,3.24,6.23
Türkiye,TR_MERSIN,Mersin,turkey,mersin,2.73,3.73
Türkiye,TR_GAZIANTEP,Gaziantep,turkey,gaziantep,2.66,2.67
Türkiye,TR_TARSUS,Tarsus,turkey,tarsus,2.6,3.47
Türkiye,TR_AKSARAY,Aksaray,turkey,aksaray,2.52,3.98
Türkiye,TR_SIVAS,Sivas,turkey,sivas,2.14,1.8
Türkiye,TR_AFYONKARAHISAR,Afyonkarahisar (Afyon),turkey,afyonkarahisar,2.09,3.92
Türkiye,TR_ADANA,Adana,turkey,adana,2.05,4.25
Türkiye,TR_CEYHAN,Ceyhan,turkey,ceyhan,0.85,1.22
Turkmenistan,TM_MARY,Mary,turkmenistan,mary,8.01,29.41
Turkmenistan,TM_DASOGUZ,Daşoguz,turkmenistan,dasoguz,6.39,24.78
Turkmenistan,TM_ASHGABAT,Ashgabat,turkmenistan,ashgabat,3.02,3.78
Turkmenistan,TM_TURKMENABAT,Türkmenabat,turkmenistan,turkmenabat,2.5,7.32
Turkmenistan,TM_TEJEN,Tejen (Tedžen),turkmenistan,tejen,0.76,3.86
Uganda,UG_GULU,Gulu,uganda,gulu,44.98,168.47
Ukraine,UA_LVIV,Lviv,ukraine,lviv,28.68,66.83
Ukraine,UA_ODESA,Odesa,ukraine,odesa,18.52,36.5
Ukraine,UA_KYIV,Kyiv (Kiev),ukraine,kiev,15.26,22.3
Ukraine,UA_MYKOLAIV,Mykolaiv,ukraine,mykolaiv,9.72,20.13
Ukraine,UA_BILA_CERKVA,Bila Cerkva (Bila Tserkva),ukraine,bila tserkva,8.26,14.58
United Arab Emirates,AE_AL_AYN,Al-Ain,united arab emirates,al ain,15.32,44.21
United Arab Emirates,AE_DUBAYY,Dubayy (Dubai),united arab emirates,dubai,3.03,5.81
United Arab Emirates,AE_ABU_ZABY,Abu Zaby (Abu Dhabi),united arab emirates,abu dhabi,2.18,5.23
United Kingdom of Great Britain and Northern Ireland,GB_GREATER_MANCHESTER,Manchester,united kingdom,manchester,47.76,129.35
United Kingdom of Great Britain and Northern Ireland,GB_EDINBURGH,Edinburgh,united kingdom,edinburgh,33.93,78.02
United Kingdom of Great Britain and Northern Ireland,GB_STOKE_ON_TRENT,Stoke-on-Trent (The Potteries),united kingdom,stoke-on-trent,29.34,87.67
United Kingdom of Great Britain and Northern Ireland,GB_NORWICH,Norwich,united kingdom,norwich,27.15,84.52
United Kingdom of Great Britain and Northern Ireland,GB_LONDON,London,united kingdom,london,26.94,41.98
United Kingdom of Great Britain and Northern Ireland,GB_COVENTRY,Coventry-Bedworth,united kingdom,coventry bedworth,25.13,57.95
United Kingdom of Great Britain and Northern Ireland,GB_GLASGOW,Glasgow,united kingdom,glasgow,23.17,66.1
United Kingdom of Great Britain and Northern Ireland,GB_OXFORD,Oxford,united kingdom,oxford,21.19,51.83
United Republic of Tanzania,TZ_ARUSHA,Arusha,united republic of tanzania,arusha,26.46,74.12
United States of America,US_WINSTON_SALEM,Winston-Salem,united states,winston salem,46.95,410.58
United States of America,US_AUSTIN_TX,Austin,united states,austin,43.22,219.65
United States of America,US_CLEVELAND_OH,Cleveland,united states,cleveland,43.18,335.05
United States of America,US_RALEIGH_NC,Raleigh,united states,raleigh,42.1,298.67
United States of America,US_SAVANNAH_GA,Savannah,united states,savannah,41.95,406.56
United States of America,US_ATLANTA,Atlanta,united states,atlanta,41.04,293.96
United States of America,US_COLUMBIA_SOUTH_CAROLINA,"Columbia, South Carolina",united states,columbia,40.43,346.29
United States of America,US_CHARLOTTE,Charlotte,united states,charlotte,39.72,342.2
United States of America,US_TOLEDO_OH,Toledo,united states,toledo,37.92,489.73
United States of America,US_CHARLESTON,Charleston,united states,charleston,37.57,286.15
United States of America,US_PHILADELPHIA_PA,Philadelphia,united states,philadelphia,37.08,199.34
United States of America,US_WILMINGTON,Wilmington,united states,wilmington,34.77,378.2
United States of America,US_HOUSTON_TX,Houston,united states,houston,32.41,204.35
United States of America,US_ORLANDO_FL,Orlando,united states,orlando,29.93,258.25
United States of America,US_SAN_ANTONIO_TX,San Antonio,united states,san antonio,29.48,184.8
United States of America,US_CHICAGO_IL,Chicago,united states,chicago,24.99,179.67
United States of America,US_SEATTLE,Seattle,united states,seattle,24.62,129.73
United States of America,US_SPRINGFIELD_MA,"Springfield, Massachusett, Connecticut",united states,springfield,24.52,250.84
United States of America,US_DALLAS,Dallas,united states,dallas,22.66,132.93
United States of America,US_MONTGOMERY_AL,Montgomery,united states,montgomery,22.39,194.22
United States of America,US_MIAMI,Miami,united states,miami,21.56,116.95
United States of America,US_MILWAUKEE_WI,Milwaukee,united states,milwaukee,17.3,138.85
United States of America,US_OMAHA_NE,Omaha,united states,omaha,15.67,117.86
United States of America,US_SAN_DIEGO,San Diego,united states,san diego,15.12,77.9
United States of America,US_JACKSON_MISSISSIPPI,"Jackson, Mississippi",united states,jackson,14.38,108.05
United States of America,US_EUGENE_OR,"Eugene,OR",united states,eugene,14.31,90.4
United States of America,US_SIOUX_FALLS,Sioux Falls,united states,sioux falls,10.38,80.14
United States of America,US_WICHITA_KS,Wichita,united states,wichita,8.94,65.67
United States of America,US_SACRAMENTO_CA,Sacramento,united states,sacramento,8.46,47.72
United States of America,US_YAKIMA_WA,"Yakima,WA",united states,yakima,8.03,59.37
United States of America,US_LOS_ANGELES_CA,Los Angeles-Long Beach-Santa Ana,united states,los angeles long beach santa ana,5.88,20.5
United States of America,US_YUMA_AZ,"Yuma,AZ",united states,yuma,5.82,46.53
United States of America,US_PHOENIX_AZ,Phoenix-Mesa,united states,phoenix mesa,4.92,30.62
United States of America,US_ALBUQUERQUE_NM,Albuquerque,united states,albuquerque,4.83,28.65
United States of America,US_LAS_VEGAS_NV,Las Vegas,united states,las vegas,4.78,19.75
United States of America,US_SALT_LAKE_CITY,Salt Lake City,united states,salt lake city,4.49,25.03
United States of America,US_FARGO_ND,"Fargo,ND",united states,fargo,2.23,17.56
United States of America,US_EL_PASO_TX,El Paso,united states,el paso,1.5,9.06
Uruguay,UY_CIUDAD_DE_LA_COSTA,Ciudad De La Costa,uruguay,ciudad de la costa,32.02,157.53
Uruguay,UY_TACUAREMBO,Tacuarembó,uruguay,tacuarembo,24.64,81.03
Uruguay,UY_MALDONADO,Maldonado,uruguay,maldonado,24.12,80.29
Uruguay,UY_MONTEVIDEO,Montevideo,uruguay,montevideo,16.71,28.33
Uruguay,UY_MELO,Melo,uruguay,melo,8.31,22.24
Uzbekistan,UZ_QOQON,Qo'qon (Kokand),uzbekistan,qo'qon,13.84,49.36
Uzbekistan,UZ_ANDIJAN,Andizhan,uzbekistan,andizhan,11.57,26.59
Uzbekistan,UZ_TOSHKENT,Tashkent,uzbekistan,tashkent,8.08,16.49
Uzbekistan,UZ_BUXORO,Buxoro (Bukhara),uzbekistan,buxoro,7.6,26.76
Uzbekistan,UZ_QARSHI,Qarshi (Karshi),uzbekistan,qarshi,7.18,25.2
Uzbekistan,UZ_BEKOBOD,Bekobod,uzbekistan,bekobod,7.06,32.35
Uzbekistan,UZ_JIZZAX,Jizzax (Dzhizak),uzbekistan,jizzax,4.42,12.0
Uzbekistan,UZ_NUKUS,Nukus,uzbekistan,nukus,1.14,3.5
Venezuela (Bolivarian Republic of),VE_ALTAGRACIA_DE_ORITUCO,Altagracia de Orituco,venezuela,altagracia de orituco,4.04,8.86
Viet Nam,VN_HA_NOI,Hà Noi,viet nam,ha noi,47.01,67.74
Viet Nam,VN_VINH_LONG,Vĩnh Long,viet nam,vinh long,38.09,92.49
Viet Nam,VN_THANH_PHO_HO_CHI_MINH,Thành Pho Ho Chí Minh (Ho Chi Minh City),viet nam,ho chi minh city,23.36,27.79
Viet Nam,VN_LONG_XUYEN,Long Xuyen,viet nam,long xuyen,19.41,29.08
Viet Nam,VN_VINH,Vinh,viet nam,vinh,18.4,29.22
Viet Nam,VN_HUE,Hue,viet nam,hue,16.94,25.15
Viet Nam,VN_NHA_TRANG,Nha Trang,viet nam,nha trang,12.06,24.42
Viet Nam,VN_DA_LAT,Đà Lạt,viet nam,đa lat,10.51,16.92
Viet Nam,VN_VUNGTAU,Vungtau,viet nam,vungtau,4.84,5.76
Yemen,YE_AMRAN,'Amrān,yemen,'amran,2.94,2.54
Yemen,YE_TAIZZ,Ta'izz,yemen,ta'izz,2.21,1.03
Yemen,YE_SANA,Sana'a',yemen,sana'a',1.63,1.01
Yemen,YE_ADAN,Adan (Aden),yemen,aden,0.48,0.42
Zambia,ZM_KITWE,Kitwe,zambia,kitwe,3.94,6.16
Zambia,ZM_NDOLA,Ndola,zambia,ndola,3.89,8.1
Zambia,ZM_CHINGOLA,Chingola,zambia,chingola,2.07,4.36
Zambia,ZM_LUSAKA,Lusaka,zambia,lusaka,1.46,1.92
Zimbabwe,ZW_BULAWAYO,Bulawayo,zimbabwe,bulawayo,2.55,12.78
